id,task,model,Best score (across scorers),Scores,log viewer,Log download
mTa4f52zsEuxdrPy7WfQvX,GPQA diamond,claude-2.0,0.3465909090909091,choice:0.35±0.03,https://logs.epoch.ai/inspect-viewer/484131e0/viewer.html?log_file=https%3A%2F%2Flogs.epoch.ai%2Finspect_ai_logs%2FmTa4f52zsEuxdrPy7WfQvX.eval,https://logs.epoch.ai/inspect_ai_logs/mTa4f52zsEuxdrPy7WfQvX.eval
Gs4vxvDD5wmrSvyTkqx2YV,MATH level 5,claude-2.0,0.1172583081570997,"normalized_string_match:0.1±0.01,sympy_equiv:0.1±0.01,model_graded_equiv:0.12±0.01",,
eMAisrJd7fAUHPfcPWXeXo,GPQA diamond,claude-2.1,0.3295454545454545,choice:0.33±0.02,https://logs.epoch.ai/inspect-viewer/484131e0/viewer.html?log_file=https%3A%2F%2Flogs.epoch.ai%2Finspect_ai_logs%2FeMAisrJd7fAUHPfcPWXeXo.eval,https://logs.epoch.ai/inspect_ai_logs/eMAisrJd7fAUHPfcPWXeXo.eval
78Wpvp8WDByAcQRBas72cs,GPQA diamond,claude-3-5-sonnet-20240620,0.5404040404040404,choice:0.54±0.03,https://logs.epoch.ai/inspect-viewer/484131e0/viewer.html?log_file=https%3A%2F%2Flogs.epoch.ai%2Finspect_ai_logs%2F78Wpvp8WDByAcQRBas72cs.eval,https://logs.epoch.ai/inspect_ai_logs/78Wpvp8WDByAcQRBas72cs.eval
H42HJG29bwqzaMewTMsmky,MATH level 5,claude-3-5-sonnet-20240620,0.5168051359516617,"normalized_string_match:0.44±0.01,sympy_equiv:0.47±0.01,model_graded_equiv:0.52±0.01",,
JCCVcVLz3J4TQXSU67hMJZ,GPQA diamond,claude-3-5-sonnet-20241022,0.553030303030303,choice:0.55±0.03,https://logs.epoch.ai/inspect-viewer/484131e0/viewer.html?log_file=https%3A%2F%2Flogs.epoch.ai%2Finspect_ai_logs%2FJCCVcVLz3J4TQXSU67hMJZ.eval,https://logs.epoch.ai/inspect_ai_logs/JCCVcVLz3J4TQXSU67hMJZ.eval
AjroyuZECXLtMTwnzaMHtX,MATH level 5,claude-3-5-sonnet-20241022,0.5694864048338368,"normalized_string_match:0.49±0.01,sympy_equiv:0.52±0.01,model_graded_equiv:0.57±0.01",,
T3FWdCCWBryVjxwTcoY5bK,GPQA diamond,claude-3-haiku-20240307,0.3630050505050505,choice:0.36±0.02,https://logs.epoch.ai/inspect-viewer/484131e0/viewer.html?log_file=https%3A%2F%2Flogs.epoch.ai%2Finspect_ai_logs%2FT3FWdCCWBryVjxwTcoY5bK.eval,https://logs.epoch.ai/inspect_ai_logs/T3FWdCCWBryVjxwTcoY5bK.eval
QSnWVKUVj9six4jYj4HJD9,MATH level 5,claude-3-haiku-20240307,0.1487915407854985,"normalized_string_match:0.13±0.01,sympy_equiv:0.13±0.01,model_graded_equiv:0.15±0.01",,
hTnDa4gn8RYduCEYqoNywe,GPQA diamond,claude-3-opus-20240229,0.4715909090909091,choice:0.47±0.03,https://logs.epoch.ai/inspect-viewer/484131e0/viewer.html?log_file=https%3A%2F%2Flogs.epoch.ai%2Finspect_ai_logs%2FhTnDa4gn8RYduCEYqoNywe.eval,https://logs.epoch.ai/inspect_ai_logs/hTnDa4gn8RYduCEYqoNywe.eval
6SNzvpd6kXXxqpJoaHsSDd,MATH level 5,claude-3-opus-20240229,0.3748111782477341,"normalized_string_match:0.35±0.01,sympy_equiv:0.36±0.01,model_graded_equiv:0.37±0.01",,
QLejPZXhjX6SQCQgzjNvCG,GPQA diamond,claude-3-sonnet-20240229,0.4059343434343434,choice:0.41±0.02,https://logs.epoch.ai/inspect-viewer/484131e0/viewer.html?log_file=https%3A%2F%2Flogs.epoch.ai%2Finspect_ai_logs%2FQLejPZXhjX6SQCQgzjNvCG.eval,https://logs.epoch.ai/inspect_ai_logs/QLejPZXhjX6SQCQgzjNvCG.eval
FD2ztfjFUeqGyrtF8yuCUB,MATH level 5,claude-3-sonnet-20240229,0.1817409365558912,"normalized_string_match:0.15±0.01,sympy_equiv:0.16±0.01,model_graded_equiv:0.18±0.01",,
Hc2ycMP6DyCZxCPjKbZFQU,GPQA diamond,gemini-1.5-flash-001,0.4037247474747474,choice:0.4±0.02,https://logs.epoch.ai/inspect-viewer/484131e0/viewer.html?log_file=https%3A%2F%2Flogs.epoch.ai%2Finspect_ai_logs%2FHc2ycMP6DyCZxCPjKbZFQU.eval,https://logs.epoch.ai/inspect_ai_logs/Hc2ycMP6DyCZxCPjKbZFQU.eval
CPpd4hqQHtZ5pUejBELwKb,MATH level 5,gemini-1.5-flash-001,0.2512273413897281,"normalized_string_match:0.24±0.01,sympy_equiv:0.23±0.01,model_graded_equiv:0.25±0.01",,
PCLvrs4TEBtqQqcYeU8pAG,GPQA diamond,gemini-1.5-flash-002,0.4731691919191919,choice:0.47±0.03,https://logs.epoch.ai/inspect-viewer/484131e0/viewer.html?log_file=https%3A%2F%2Flogs.epoch.ai%2Finspect_ai_logs%2FPCLvrs4TEBtqQqcYeU8pAG.eval,https://logs.epoch.ai/inspect_ai_logs/PCLvrs4TEBtqQqcYeU8pAG.eval
kDnfjYKQpnLGEjuhBc9AvM,MATH level 5,gemini-1.5-flash-002,0.6186744712990937,"normalized_string_match:0.6±0.01,sympy_equiv:0.59±0.01,model_graded_equiv:0.62±0.01",,
PKdqpKZ9tqDWyWJ7GksBWz,GPQA diamond,gemini-1.5-pro-001,0.4586489898989899,choice:0.46±0.03,https://logs.epoch.ai/inspect-viewer/484131e0/viewer.html?log_file=https%3A%2F%2Flogs.epoch.ai%2Finspect_ai_logs%2FPKdqpKZ9tqDWyWJ7GksBWz.eval,https://logs.epoch.ai/inspect_ai_logs/PKdqpKZ9tqDWyWJ7GksBWz.eval
PxLmyq7PFfARAuqxg5oPtE,MATH level 5,gemini-1.5-pro-001,0.4074773413897281,"normalized_string_match:0.38±0.01,sympy_equiv:0.37±0.01,model_graded_equiv:0.41±0.01",,
9TrLEEw8TvsyugyCjwvUvD,GPQA diamond,gemini-1.5-pro-002,0.5722853535353535,choice:0.57±0.03,https://logs.epoch.ai/inspect-viewer/484131e0/viewer.html?log_file=https%3A%2F%2Flogs.epoch.ai%2Finspect_ai_logs%2F9TrLEEw8TvsyugyCjwvUvD.eval,https://logs.epoch.ai/inspect_ai_logs/9TrLEEw8TvsyugyCjwvUvD.eval
QyqLmgcJpeDMsnQyaaJVkR,MATH level 5,gemini-1.5-pro-002,0.7039274924471299,"normalized_string_match:0.67±0.01,sympy_equiv:0.67±0.01,model_graded_equiv:0.7±0.01",,
fQjoHKyUEPAuwdrBGfL8SG,GPQA diamond,gemma-2-9b-it,0.2746212121212121,choice:0.27±0.02,https://logs.epoch.ai/inspect-viewer/484131e0/viewer.html?log_file=https%3A%2F%2Flogs.epoch.ai%2Finspect_ai_logs%2FfQjoHKyUEPAuwdrBGfL8SG.eval,https://logs.epoch.ai/inspect_ai_logs/fQjoHKyUEPAuwdrBGfL8SG.eval
ZUJxsJDpHnLXxNiDcvj22W,GPQA diamond,gemma-2-27b-it,0.3648989898989899,choice:0.36±0.02,https://logs.epoch.ai/inspect-viewer/484131e0/viewer.html?log_file=https%3A%2F%2Flogs.epoch.ai%2Finspect_ai_logs%2FZUJxsJDpHnLXxNiDcvj22W.eval,https://logs.epoch.ai/inspect_ai_logs/ZUJxsJDpHnLXxNiDcvj22W.eval
eZaQhpbhbzbo3sbKGS5Efa,GPQA diamond,gpt-3.5-turbo-0125,0.271780303030303,choice:0.27±0.02,https://logs.epoch.ai/inspect-viewer/484131e0/viewer.html?log_file=https%3A%2F%2Flogs.epoch.ai%2Finspect_ai_logs%2FeZaQhpbhbzbo3sbKGS5Efa.eval,https://logs.epoch.ai/inspect_ai_logs/eZaQhpbhbzbo3sbKGS5Efa.eval
9tSgxGV3nzhTBpq7GcX7yx,MATH level 5,gpt-3.5-turbo-0125,0.1163141993957704,"normalized_string_match:0.1±0,sympy_equiv:0.11±0.01,model_graded_equiv:0.12±0.01",,
enhRcQmfN6RFB2zu7R3Uxr,GPQA diamond,gpt-3.5-turbo-1106,0.2803030303030303,choice:0.28±0.02,https://logs.epoch.ai/inspect-viewer/484131e0/viewer.html?log_file=https%3A%2F%2Flogs.epoch.ai%2Finspect_ai_logs%2FenhRcQmfN6RFB2zu7R3Uxr.eval,https://logs.epoch.ai/inspect_ai_logs/enhRcQmfN6RFB2zu7R3Uxr.eval
cJWh887zSiTtnxm9XAJVkr,MATH level 5,gpt-3.5-turbo-1106,0.158893504531722,"normalized_string_match:0.14±0.01,sympy_equiv:0.15±0.01,model_graded_equiv:0.16±0.01",,
4j3WRhhruXrfaq9Jki3NDc,GPQA diamond,gpt-4-0125-preview,0.4226641414141414,choice:0.42±0.03,https://logs.epoch.ai/inspect-viewer/484131e0/viewer.html?log_file=https%3A%2F%2Flogs.epoch.ai%2Finspect_ai_logs%2F4j3WRhhruXrfaq9Jki3NDc.eval,https://logs.epoch.ai/inspect_ai_logs/4j3WRhhruXrfaq9Jki3NDc.eval
fu7pWqbSC4MUBdwv3GFNa5,GPQA diamond,gpt-4-0613,0.3065025252525252,choice:0.31±0.02,https://logs.epoch.ai/inspect-viewer/484131e0/viewer.html?log_file=https%3A%2F%2Flogs.epoch.ai%2Finspect_ai_logs%2Ffu7pWqbSC4MUBdwv3GFNa5.eval,https://logs.epoch.ai/inspect_ai_logs/fu7pWqbSC4MUBdwv3GFNa5.eval
WsSrH8oHBm7m7vq9yTRqSC,MATH level 5,gpt-4-0613,0.2297016616314199,"normalized_string_match:0.2±0.01,sympy_equiv:0.2±0.01,model_graded_equiv:0.23±0.01",,
AWewipyfSQb8hXtS8d4fNL,GPQA diamond,gpt-4-1106-preview,0.4236111111111111,choice:0.42±0.02,https://logs.epoch.ai/inspect-viewer/484131e0/viewer.html?log_file=https%3A%2F%2Flogs.epoch.ai%2Finspect_ai_logs%2FAWewipyfSQb8hXtS8d4fNL.eval,https://logs.epoch.ai/inspect_ai_logs/AWewipyfSQb8hXtS8d4fNL.eval
VBStRVGFi47EVz2pn33xu4,MATH level 5,gpt-4-1106-preview,0.4002077039274924,"normalized_string_match:0.37±0.01,sympy_equiv:0.38±0.01,model_graded_equiv:0.4±0.01",,
Y59q8WbEDp2HH8oovyJCj9,GPQA diamond,gpt-4o-2024-05-13,0.4889520202020202,choice:0.49±0.03,https://logs.epoch.ai/inspect-viewer/484131e0/viewer.html?log_file=https%3A%2F%2Flogs.epoch.ai%2Finspect_ai_logs%2FY59q8WbEDp2HH8oovyJCj9.eval,https://logs.epoch.ai/inspect_ai_logs/Y59q8WbEDp2HH8oovyJCj9.eval
Uqsvq9TAGoqD2xpKfhHBmS,MATH level 5,gpt-4o-2024-05-13,0.5104796072507553,"normalized_string_match:0.47±0.01,sympy_equiv:0.47±0.01,model_graded_equiv:0.51±0.01",,
fairJpL9VekDBKxYHG9ZoG,GPQA diamond,gpt-4o-2024-08-06,0.4921085858585858,choice:0.49±0.03,https://logs.epoch.ai/inspect-viewer/484131e0/viewer.html?log_file=https%3A%2F%2Flogs.epoch.ai%2Finspect_ai_logs%2FfairJpL9VekDBKxYHG9ZoG.eval,https://logs.epoch.ai/inspect_ai_logs/fairJpL9VekDBKxYHG9ZoG.eval
ZQgz8AGm4KHin9MFupLu58,MATH level 5,gpt-4o-2024-08-06,0.5327605740181269,"normalized_string_match:0.49±0.01,sympy_equiv:0.5±0.01,model_graded_equiv:0.53±0.01",,
L9yfwZC3snsKZshBXTaXjc,GPQA diamond,gpt-4o-mini-2024-07-18,0.3772095959595959,choice:0.38±0.02,https://logs.epoch.ai/inspect-viewer/484131e0/viewer.html?log_file=https%3A%2F%2Flogs.epoch.ai%2Finspect_ai_logs%2FL9yfwZC3snsKZshBXTaXjc.eval,https://logs.epoch.ai/inspect_ai_logs/L9yfwZC3snsKZshBXTaXjc.eval
5iyKgWVhAmNwrA5rNL7MbW,MATH level 5,gpt-4o-mini-2024-07-18,0.5263406344410876,"normalized_string_match:0.48±0.01,sympy_equiv:0.48±0.01,model_graded_equiv:0.53±0.01",,
83DRJD4FvjwqU9eStRaNiU,GPQA diamond,grok-2-1212,0.5378787878787878,choice:0.54±0.03,https://logs.epoch.ai/inspect-viewer/484131e0/viewer.html?log_file=https%3A%2F%2Flogs.epoch.ai%2Finspect_ai_logs%2F83DRJD4FvjwqU9eStRaNiU.eval,https://logs.epoch.ai/inspect_ai_logs/83DRJD4FvjwqU9eStRaNiU.eval
DHdeZNynu4VtRp2VGkCGvd,GPQA diamond,Hermes-2-Theta-Llama-3-70B,0.3746843434343434,choice:0.37±0.02,https://logs.epoch.ai/inspect-viewer/484131e0/viewer.html?log_file=https%3A%2F%2Flogs.epoch.ai%2Finspect_ai_logs%2FDHdeZNynu4VtRp2VGkCGvd.eval,https://logs.epoch.ai/inspect_ai_logs/DHdeZNynu4VtRp2VGkCGvd.eval
ZAVTwsDqrvbWbqSgeNdXFd,MATH level 5,Hermes-2-Theta-Llama-3-70B,0.226869335347432,"normalized_string_match:0.2±0.01,sympy_equiv:0.2±0.01,model_graded_equiv:0.23±0.01",,
evPjJw9SKqq3TieSdxrSQn,GPQA diamond,Llama-2-70b-chat-hf,0.2632575757575757,choice:0.26±0.02,https://logs.epoch.ai/inspect-viewer/484131e0/viewer.html?log_file=https%3A%2F%2Flogs.epoch.ai%2Finspect_ai_logs%2FevPjJw9SKqq3TieSdxrSQn.eval,https://logs.epoch.ai/inspect_ai_logs/evPjJw9SKqq3TieSdxrSQn.eval
4bkXhqCNoe6RpTe9taJ7kR,MATH level 5,Llama-2-70b-chat-hf,0.0328549848942598,"normalized_string_match:0.02±0,sympy_equiv:0.03±0,model_graded_equiv:0.03±0",,
WWS3aotkrymLmBBDhhtvWQ,GPQA diamond,Llama-3.1-8B-Instruct,0.2594696969696969,choice:0.26±0.02,https://logs.epoch.ai/inspect-viewer/484131e0/viewer.html?log_file=https%3A%2F%2Flogs.epoch.ai%2Finspect_ai_logs%2FWWS3aotkrymLmBBDhhtvWQ.eval,https://logs.epoch.ai/inspect_ai_logs/WWS3aotkrymLmBBDhhtvWQ.eval
gyxR3YTcmh4UcKZkET5pPX,MATH level 5,Llama-3.1-8B-Instruct,0.2287575528700906,"normalized_string_match:0.21±0.01,sympy_equiv:0.21±0.01,model_graded_equiv:0.23±0.01",,
MEwMcmSV32JHrsNoAq4BFL,GPQA diamond,Llama-3.1-70B-Instruct,0.4419191919191919,choice:0.44±0.02,https://logs.epoch.ai/inspect-viewer/484131e0/viewer.html?log_file=https%3A%2F%2Flogs.epoch.ai%2Finspect_ai_logs%2FMEwMcmSV32JHrsNoAq4BFL.eval,https://logs.epoch.ai/inspect_ai_logs/MEwMcmSV32JHrsNoAq4BFL.eval
6JiXiQ67iyiC7cFFRiogvs,MATH level 5,Llama-3.1-70B-Instruct,0.366786253776435,"normalized_string_match:0.34±0.01,sympy_equiv:0.34±0.01,model_graded_equiv:0.37±0.01",,
S5QYXSvQBRSbUbXSnAGbMm,GPQA diamond,Llama-3.1-405B-Instruct,0.5091540404040404,choice:0.51±0.03,https://logs.epoch.ai/inspect-viewer/484131e0/viewer.html?log_file=https%3A%2F%2Flogs.epoch.ai%2Finspect_ai_logs%2FS5QYXSvQBRSbUbXSnAGbMm.eval,https://logs.epoch.ai/inspect_ai_logs/S5QYXSvQBRSbUbXSnAGbMm.eval
ZR7amdUBRr5Cke8Aoz4snr,MATH level 5,Llama-3.1-405B-Instruct,0.4977341389728096,"normalized_string_match:0.47±0.01,sympy_equiv:0.47±0.01,model_graded_equiv:0.5±0.01",,
iT3BBFWjsZk2rKHKeJDsM8,GPQA diamond,Meta-Llama-3-8B-Instruct,0.2607323232323232,choice:0.26±0.02,https://logs.epoch.ai/inspect-viewer/484131e0/viewer.html?log_file=https%3A%2F%2Flogs.epoch.ai%2Finspect_ai_logs%2FiT3BBFWjsZk2rKHKeJDsM8.eval,https://logs.epoch.ai/inspect_ai_logs/iT3BBFWjsZk2rKHKeJDsM8.eval
BURdKU7mhUX4YMPUDoFsed,MATH level 5,Meta-Llama-3-8B-Instruct,0.0612726586102719,"normalized_string_match:0.04±0,sympy_equiv:0.05±0,model_graded_equiv:0.06±0",,
jrvutCoFFG4KxYtU7REdpe,GPQA diamond,Meta-Llama-3-70B-Instruct,0.4056186868686868,choice:0.41±0.03,https://logs.epoch.ai/inspect-viewer/484131e0/viewer.html?log_file=https%3A%2F%2Flogs.epoch.ai%2Finspect_ai_logs%2FjrvutCoFFG4KxYtU7REdpe.eval,https://logs.epoch.ai/inspect_ai_logs/jrvutCoFFG4KxYtU7REdpe.eval
dekbZbU3BtiQZNKG8Txaax,MATH level 5,Meta-Llama-3-70B-Instruct,0.225547583081571,"normalized_string_match:0.21±0.01,sympy_equiv:0.21±0.01,model_graded_equiv:0.23±0.01",,
4NiUpCrLfz3oFaerkrMeBt,GPQA diamond,o1-mini-2024-09-12_medium,0.5950126262626263,choice:0.6±0.03,https://logs.epoch.ai/inspect-viewer/484131e0/viewer.html?log_file=https%3A%2F%2Flogs.epoch.ai%2Finspect_ai_logs%2F4NiUpCrLfz3oFaerkrMeBt.eval,https://logs.epoch.ai/inspect_ai_logs/4NiUpCrLfz3oFaerkrMeBt.eval
FaRZDKSriUbS3Brt6qprP9,MATH level 5,o1-mini-2024-09-12_medium,0.8425226586102719,"normalized_string_match:0.78±0.01,sympy_equiv:0.77±0.01,model_graded_equiv:0.84±0.01",,
7CkADTsoNbDd88uqYbqfwj,GPQA diamond,o1-preview-2024-09-12_medium,0.5031565656565656,choice:0.5±0.03,https://logs.epoch.ai/inspect-viewer/484131e0/viewer.html?log_file=https%3A%2F%2Flogs.epoch.ai%2Finspect_ai_logs%2F7CkADTsoNbDd88uqYbqfwj.eval,https://logs.epoch.ai/inspect_ai_logs/7CkADTsoNbDd88uqYbqfwj.eval
9K6c9b6v9zQrQYtw827BDn,GPQA diamond,Qwen1.5-32B-Chat,0.307449494949495,choice:0.31±0.02,https://logs.epoch.ai/inspect-viewer/484131e0/viewer.html?log_file=https%3A%2F%2Flogs.epoch.ai%2Finspect_ai_logs%2F9K6c9b6v9zQrQYtw827BDn.eval,https://logs.epoch.ai/inspect_ai_logs/9K6c9b6v9zQrQYtw827BDn.eval
NeqeQSxHmdUNLk9Ytpo6qo,GPQA diamond,Qwen1.5-72B-Chat,0.2881944444444444,choice:0.29±0.02,https://logs.epoch.ai/inspect-viewer/484131e0/viewer.html?log_file=https%3A%2F%2Flogs.epoch.ai%2Finspect_ai_logs%2FNeqeQSxHmdUNLk9Ytpo6qo.eval,https://logs.epoch.ai/inspect_ai_logs/NeqeQSxHmdUNLk9Ytpo6qo.eval
Pex6SpYJX8ZPySncfNNy7H,GPQA diamond,Qwen2-72B-Instruct,0.4078282828282828,choice:0.41±0.03,https://logs.epoch.ai/inspect-viewer/484131e0/viewer.html?log_file=https%3A%2F%2Flogs.epoch.ai%2Finspect_ai_logs%2FPex6SpYJX8ZPySncfNNy7H.eval,https://logs.epoch.ai/inspect_ai_logs/Pex6SpYJX8ZPySncfNNy7H.eval
Jwi8JTeeTxJuJY8qidxngw,GPQA diamond,Yi-1.5-34B-Chat,0.319760101010101,choice:0.32±0.02,https://logs.epoch.ai/inspect-viewer/484131e0/viewer.html?log_file=https%3A%2F%2Flogs.epoch.ai%2Finspect_ai_logs%2FJwi8JTeeTxJuJY8qidxngw.eval,https://logs.epoch.ai/inspect_ai_logs/Jwi8JTeeTxJuJY8qidxngw.eval
bH5kVfLE53CxY3qWmB9C5K,MATH level 5,Yi-1.5-34B-Chat,0.2548149546827795,"normalized_string_match:0.24±0.01,sympy_equiv:0.24±0.01,model_graded_equiv:0.25±0.01",,
WxMpEBcTf8qPFPz4BrF86B,GPQA diamond,Yi-34B-Chat,0.1474116161616161,choice:0.15±0.01,https://logs.epoch.ai/inspect-viewer/484131e0/viewer.html?log_file=https%3A%2F%2Flogs.epoch.ai%2Finspect_ai_logs%2FWxMpEBcTf8qPFPz4BrF86B.eval,https://logs.epoch.ai/inspect_ai_logs/WxMpEBcTf8qPFPz4BrF86B.eval
nzy4SGSeKGzQSKJLWExKpV,MATH level 5,Yi-34B-Chat,0.0514539274924471,"normalized_string_match:0.04±0,sympy_equiv:0.04±0,model_graded_equiv:0.05±0",,
c4V7sc8TUNJ8wQKRhuA2Rv,MATH level 5,gpt-4-0125-preview,0.3541351963746224,"normalized_string_match:0.33±0.01,sympy_equiv:0.33±0.01,model_graded_equiv:0.35±0.01",,
YbQkMPC2GtNLhxqTEhhVsa,GPQA diamond,Mistral-7B-Instruct-v0.3,0.1518308080808081,choice:0.15±0.01,https://logs.epoch.ai/inspect-viewer/484131e0/viewer.html?log_file=https%3A%2F%2Flogs.epoch.ai%2Finspect_ai_logs%2FYbQkMPC2GtNLhxqTEhhVsa.eval,https://logs.epoch.ai/inspect_ai_logs/YbQkMPC2GtNLhxqTEhhVsa.eval
82RTgqgiC2UuM5M37L3WWM,GPQA diamond,deepseek-llm-67b-chat,0.2462121212121212,choice:0.25±0.01,https://logs.epoch.ai/inspect-viewer/484131e0/viewer.html?log_file=https%3A%2F%2Flogs.epoch.ai%2Finspect_ai_logs%2F82RTgqgiC2UuM5M37L3WWM.eval,https://logs.epoch.ai/inspect_ai_logs/82RTgqgiC2UuM5M37L3WWM.eval
Sn2qbB2HiySe7NcG28jnyM,GPQA diamond,Mixtral-8x7B-Instruct-v0.1,0.3058712121212121,choice:0.31±0.02,https://logs.epoch.ai/inspect-viewer/484131e0/viewer.html?log_file=https%3A%2F%2Flogs.epoch.ai%2Finspect_ai_logs%2FSn2qbB2HiySe7NcG28jnyM.eval,https://logs.epoch.ai/inspect_ai_logs/Sn2qbB2HiySe7NcG28jnyM.eval
Hdcqs42VnPNVBquXttexhq,MATH level 5,gemma-2-9b-it,0.2100641993957704,"normalized_string_match:0.18±0.01,sympy_equiv:0.18±0.01,model_graded_equiv:0.21±0.01",,
PM3GCQcVK7t2MujNp4F4kH,MATH level 5,gemma-2-27b-it,0.2788897280966767,"normalized_string_match:0.24±0.01,sympy_equiv:0.24±0.01,model_graded_equiv:0.28±0.01",,
WtALgW6VSFdihDZWXRm2AZ,GPQA diamond,Qwen2.5-72B-Instruct,0.4914772727272727,choice:0.49±0.03,https://logs.epoch.ai/inspect-viewer/484131e0/viewer.html?log_file=https%3A%2F%2Flogs.epoch.ai%2Finspect_ai_logs%2FWtALgW6VSFdihDZWXRm2AZ.eval,https://logs.epoch.ai/inspect_ai_logs/WtALgW6VSFdihDZWXRm2AZ.eval
9mWoY9fM2ifKvDg3xaug6h,MATH level 5,Qwen2-72B-Instruct,0.3906722054380664,"normalized_string_match:0.37±0.01,sympy_equiv:0.36±0.01,model_graded_equiv:0.39±0.01",,
6xHApTdQAWM9e5oCvKYS3W,MATH level 5,Mistral-7B-Instruct-v0.3,0.0359705438066465,"normalized_string_match:0.02±0,sympy_equiv:0.02±0,model_graded_equiv:0.04±0",,
Cm4UkgA5TtmzQegrq3rbvm,MATH level 5,deepseek-llm-67b-chat,0.0639161631419939,"normalized_string_match:0.05±0,sympy_equiv:0.05±0,model_graded_equiv:0.06±0",,
4PTATufH2ra3guNeLwT9p9,MATH level 5,Mixtral-8x7B-Instruct-v0.1,0.0929003021148036,"normalized_string_match:0.07±0,sympy_equiv:0.08±0,model_graded_equiv:0.09±0.01",,
MQJA3RUjsQzSubGJiukZ7A,GPQA diamond,WizardLM-2-8x22B,0.4343434343434343,choice:0.43±0.02,https://logs.epoch.ai/inspect-viewer/484131e0/viewer.html?log_file=https%3A%2F%2Flogs.epoch.ai%2Finspect_ai_logs%2FMQJA3RUjsQzSubGJiukZ7A.eval,https://logs.epoch.ai/inspect_ai_logs/MQJA3RUjsQzSubGJiukZ7A.eval
TTa3hu7PgRxHgizVreZsdJ,GPQA diamond,dbrx-instruct,0.3289141414141414,choice:0.33±0.03,https://logs.epoch.ai/inspect-viewer/484131e0/viewer.html?log_file=https%3A%2F%2Flogs.epoch.ai%2Finspect_ai_logs%2FTTa3hu7PgRxHgizVreZsdJ.eval,https://logs.epoch.ai/inspect_ai_logs/TTa3hu7PgRxHgizVreZsdJ.eval
4bAYQuh4heJoTNhapVZLNB,MATH level 5,WizardLM-2-8x22B,0.2573640483383685,"normalized_string_match:0.22±0.01,sympy_equiv:0.23±0.01,model_graded_equiv:0.26±0.01",,
PMbefrjykQmTBpABMa7FJi,MATH level 5,dbrx-instruct,0.1165030211480362,"normalized_string_match:0.09±0.01,sympy_equiv:0.09±0.01,model_graded_equiv:0.12±0.01",,
ibpS8bs4z3wD3Hb6F3kpdV,GPQA diamond,gemini-1.0-pro-001,0.3396464646464646,choice:0.34±0.02,https://logs.epoch.ai/inspect-viewer/484131e0/viewer.html?log_file=https%3A%2F%2Flogs.epoch.ai%2Finspect_ai_logs%2FibpS8bs4z3wD3Hb6F3kpdV.eval,https://logs.epoch.ai/inspect_ai_logs/ibpS8bs4z3wD3Hb6F3kpdV.eval
iUdecHq9vU5utytzgTXzqY,MATH level 5,gemini-1.0-pro-001,0.1124433534743202,"normalized_string_match:0.1±0.01,sympy_equiv:0.1±0.01,model_graded_equiv:0.11±0.01",,
bJV4D8SEo9zMJPEYTTXJNZ,GPQA diamond,ministral-3b-2410,0.2525252525252525,choice:0.25±0.02,https://logs.epoch.ai/inspect-viewer/484131e0/viewer.html?log_file=https%3A%2F%2Flogs.epoch.ai%2Finspect_ai_logs%2FbJV4D8SEo9zMJPEYTTXJNZ.eval,https://logs.epoch.ai/inspect_ai_logs/bJV4D8SEo9zMJPEYTTXJNZ.eval
DGEzZA6nvTne4MEGSuo3Tm,GPQA diamond,ministral-8b-2410,0.2714646464646464,choice:0.27±0.02,https://logs.epoch.ai/inspect-viewer/484131e0/viewer.html?log_file=https%3A%2F%2Flogs.epoch.ai%2Finspect_ai_logs%2FDGEzZA6nvTne4MEGSuo3Tm.eval,https://logs.epoch.ai/inspect_ai_logs/DGEzZA6nvTne4MEGSuo3Tm.eval
dDeREdDJ5bVyci3APZxzWb,GPQA diamond,mistral-large-2402,0.3876262626262626,choice:0.39±0.02,https://logs.epoch.ai/inspect-viewer/484131e0/viewer.html?log_file=https%3A%2F%2Flogs.epoch.ai%2Finspect_ai_logs%2FdDeREdDJ5bVyci3APZxzWb.eval,https://logs.epoch.ai/inspect_ai_logs/dDeREdDJ5bVyci3APZxzWb.eval
ZQPNnicTuhuscJvni85PFY,GPQA diamond,mistral-large-2407,0.4902146464646464,choice:0.49±0.03,https://logs.epoch.ai/inspect-viewer/484131e0/viewer.html?log_file=https%3A%2F%2Flogs.epoch.ai%2Finspect_ai_logs%2FZQPNnicTuhuscJvni85PFY.eval,https://logs.epoch.ai/inspect_ai_logs/ZQPNnicTuhuscJvni85PFY.eval
5XuVuHeUDekHqjUy2P8gww,GPQA diamond,open-mistral-7b,0.132260101010101,choice:0.13±0.01,https://logs.epoch.ai/inspect-viewer/484131e0/viewer.html?log_file=https%3A%2F%2Flogs.epoch.ai%2Finspect_ai_logs%2F5XuVuHeUDekHqjUy2P8gww.eval,https://logs.epoch.ai/inspect_ai_logs/5XuVuHeUDekHqjUy2P8gww.eval
XCSWtbDquA7FUiWfd7kh9q,GPQA diamond,open-mistral-nemo-2407,0.2989267676767677,choice:0.3±0.02,https://logs.epoch.ai/inspect-viewer/484131e0/viewer.html?log_file=https%3A%2F%2Flogs.epoch.ai%2Finspect_ai_logs%2FXCSWtbDquA7FUiWfd7kh9q.eval,https://logs.epoch.ai/inspect_ai_logs/XCSWtbDquA7FUiWfd7kh9q.eval
ifAM3DJBdm5eU9Y2DjaEvW,GPQA diamond,open-mixtral-8x22b,0.3405934343434343,choice:0.34±0.02,https://logs.epoch.ai/inspect-viewer/484131e0/viewer.html?log_file=https%3A%2F%2Flogs.epoch.ai%2Finspect_ai_logs%2FifAM3DJBdm5eU9Y2DjaEvW.eval,https://logs.epoch.ai/inspect_ai_logs/ifAM3DJBdm5eU9Y2DjaEvW.eval
Y6KPSujFepdwqinKLf9mDF,GPQA diamond,open-mixtral-8x7b,0.2982954545454545,choice:0.3±0.02,https://logs.epoch.ai/inspect-viewer/484131e0/viewer.html?log_file=https%3A%2F%2Flogs.epoch.ai%2Finspect_ai_logs%2FY6KPSujFepdwqinKLf9mDF.eval,https://logs.epoch.ai/inspect_ai_logs/Y6KPSujFepdwqinKLf9mDF.eval
YNhHxRT9Ee2uEWWJh9RXuP,MATH level 5,ministral-3b-2410,0.1444486404833836,"normalized_string_match:0.13±0.01,sympy_equiv:0.13±0.01,model_graded_equiv:0.14±0.01",,
hqdiKcvEPSRyvenUVB9qxM,MATH level 5,ministral-8b-2410,0.149358006042296,"normalized_string_match:0.14±0.01,sympy_equiv:0.13±0.01,model_graded_equiv:0.15±0.01",,
gypQecfFNK2x4pNGDtGMDv,MATH level 5,mistral-large-2402,0.2446185800604229,"normalized_string_match:0.21±0.01,sympy_equiv:0.22±0.01,model_graded_equiv:0.24±0.01",,
div9uE9eovqykqx883kSpE,MATH level 5,mistral-large-2407,0.4481684290030212,"normalized_string_match:0.41±0.01,sympy_equiv:0.41±0.01,model_graded_equiv:0.45±0.01",,
9ZQaypWLwLHbQrqTWfoEor,MATH level 5,open-mistral-7b,0.0368202416918429,"normalized_string_match:0.02±0,sympy_equiv:0.03±0,model_graded_equiv:0.04±0",,
9qCrggpoq8FjQWVQhHaGBT,MATH level 5,open-mistral-nemo-2407,0.1082892749244713,"normalized_string_match:0.1±0.01,sympy_equiv:0.1±0.01,model_graded_equiv:0.11±0.01",,
cGMb2vs9NhfkwZJsQXzLmQ,MATH level 5,open-mixtral-8x22b,0.2424471299093655,"normalized_string_match:0.22±0.01,sympy_equiv:0.22±0.01,model_graded_equiv:0.24±0.01",,
GN3Hez798byishFw3U6cpp,MATH level 5,open-mixtral-8x7b,0.0995090634441087,"normalized_string_match:0.08±0,sympy_equiv:0.08±0,model_graded_equiv:0.1±0.01",,
9SSHEP95FYVZvHDdoHSRy3,GPQA diamond,Llama-3.2-90B-Vision-Instruct,0.4103535353535353,choice:0.41±0.02,https://logs.epoch.ai/inspect-viewer/484131e0/viewer.html?log_file=https%3A%2F%2Flogs.epoch.ai%2Finspect_ai_logs%2F9SSHEP95FYVZvHDdoHSRy3.eval,https://logs.epoch.ai/inspect_ai_logs/9SSHEP95FYVZvHDdoHSRy3.eval
iHRmwxsh8M3FGun8x5mxkt,MATH level 5,Llama-3.2-90B-Vision-Instruct,0.3943542296072507,"normalized_string_match:0.35±0.01,sympy_equiv:0.36±0.01,model_graded_equiv:0.39±0.01",,
5JgivNDZp2D7Lc7cpDhS28,GPQA diamond,Llama-3.1-Tulu-3-70B-DPO,0.4627525252525252,choice:0.46±0.02,https://logs.epoch.ai/inspect-viewer/484131e0/viewer.html?log_file=https%3A%2F%2Flogs.epoch.ai%2Finspect_ai_logs%2F5JgivNDZp2D7Lc7cpDhS28.eval,https://logs.epoch.ai/inspect_ai_logs/5JgivNDZp2D7Lc7cpDhS28.eval
Hf2ESooSteQK99yFjhFm8t,MATH level 5,Llama-3.1-Tulu-3-70B-DPO,0.426642749244713,"normalized_string_match:0.39±0.01,sympy_equiv:0.39±0.01,model_graded_equiv:0.43±0.01",,
RJm4u2vXF6PUmThJGzAfHE,GPQA diamond,Eurus-2-7B-PRIME,0.3390151515151515,choice:0.34±0.02,https://logs.epoch.ai/inspect-viewer/484131e0/viewer.html?log_file=https%3A%2F%2Flogs.epoch.ai%2Finspect_ai_logs%2FRJm4u2vXF6PUmThJGzAfHE.eval,https://logs.epoch.ai/inspect_ai_logs/RJm4u2vXF6PUmThJGzAfHE.eval
TxXS78Wg2pSCDbpmeJuzQn,GPQA diamond,Llama-3.3-70B-Instruct,0.4744318181818182,choice:0.47±0.03,https://logs.epoch.ai/inspect-viewer/484131e0/viewer.html?log_file=https%3A%2F%2Flogs.epoch.ai%2Finspect_ai_logs%2FTxXS78Wg2pSCDbpmeJuzQn.eval,https://logs.epoch.ai/inspect_ai_logs/TxXS78Wg2pSCDbpmeJuzQn.eval
DeaDxFfiQtCTdnZPH7Awaf,MATH level 5,Llama-3.3-70B-Instruct,0.4159743202416918,"normalized_string_match:0.41±0.01,sympy_equiv:0.4±0.01,model_graded_equiv:0.42±0.01",,
ni4DJboYYpdRssVeAuro2V,MATH level 5,Qwen2.5-72B-Instruct,0.631703172205438,"normalized_string_match:0.59±0.01,sympy_equiv:0.59±0.01,model_graded_equiv:0.63±0.01",,
8Uu6XsSJCKwcwhXDt8vgzq,MATH level 5,o1-preview-2024-09-12_medium,0.8164652567975831,"normalized_string_match:0.68±0.01,sympy_equiv:0.68±0.01,model_graded_equiv:0.82±0.01",,
Uczhz7MKLstjLkSbbGuwdN,GPQA diamond,o1-2024-12-17_medium,0.7575757575757576,choice:0.76±0.03,https://logs.epoch.ai/inspect-viewer/484131e0/viewer.html?log_file=https%3A%2F%2Flogs.epoch.ai%2Finspect_ai_logs%2FUczhz7MKLstjLkSbbGuwdN.eval,https://logs.epoch.ai/inspect_ai_logs/Uczhz7MKLstjLkSbbGuwdN.eval
AzanNoyhhVrtQi63Azo6hu,MATH level 5,o1-2024-12-17_medium,0.9441087613293052,"normalized_string_match:0.78±0.01,sympy_equiv:0.8±0.01,model_graded_equiv:0.94±0.01",,
Vwo3nMA8g2gGBCyTdKFMQJ,GPQA diamond,DeepSeek-V3,0.5653409090909091,choice:0.57±0.03,https://logs.epoch.ai/inspect-viewer/484131e0/viewer.html?log_file=https%3A%2F%2Flogs.epoch.ai%2Finspect_ai_logs%2FVwo3nMA8g2gGBCyTdKFMQJ.eval,https://logs.epoch.ai/inspect_ai_logs/Vwo3nMA8g2gGBCyTdKFMQJ.eval
exvQCLCiga6gE7zvQNp2Z6,MATH level 5,DeepSeek-V3,0.6485083081570997,"normalized_string_match:0.58±0.01,sympy_equiv:0.58±0.01,model_graded_equiv:0.65±0.01",,
NbsnvBsMoMizozbPZY8LLb,MATH level 5,mistral-small-2501,0.4481684290030212,"normalized_string_match:0.43±0.01,sympy_equiv:0.42±0.01,model_graded_equiv:0.45±0.01",,
d6JihAFVqUy3u9suNt4P3L,GPQA diamond,Qwen2.5-32B-Instruct,0.4608585858585858,choice:0.46±0.03,https://logs.epoch.ai/inspect-viewer/484131e0/viewer.html?log_file=https%3A%2F%2Flogs.epoch.ai%2Finspect_ai_logs%2Fd6JihAFVqUy3u9suNt4P3L.eval,https://logs.epoch.ai/inspect_ai_logs/d6JihAFVqUy3u9suNt4P3L.eval
Nk4mmCXFH3mEyCYnQPdPx5,MATH level 5,Qwen2.5-32B-Instruct,0.5607061933534743,"normalized_string_match:0.51±0.01,sympy_equiv:0.54±0.01,model_graded_equiv:0.56±0.01",,
oDq358GfyV5Au65scERdVo,GPQA diamond,mistral-small-2501,0.4529671717171717,choice:0.45±0.02,https://logs.epoch.ai/inspect-viewer/484131e0/viewer.html?log_file=https%3A%2F%2Flogs.epoch.ai%2Finspect_ai_logs%2FoDq358GfyV5Au65scERdVo.eval,https://logs.epoch.ai/inspect_ai_logs/oDq358GfyV5Au65scERdVo.eval
XPHDbKVUCPNCs5NoVWU8S3,GPQA diamond,DeepSeek-R1,0.7171717171717171,choice:0.72±0.03,https://logs.epoch.ai/inspect-viewer/484131e0/viewer.html?log_file=https%3A%2F%2Flogs.epoch.ai%2Finspect_ai_logs%2FXPHDbKVUCPNCs5NoVWU8S3.eval,https://logs.epoch.ai/inspect_ai_logs/XPHDbKVUCPNCs5NoVWU8S3.eval
XVqLs2khGFSNwEbHJTEgRU,MATH level 5,DeepSeek-R1,0.9305135951661632,"normalized_string_match:0.78±0.01,sympy_equiv:0.78±0.01,model_graded_equiv:0.93±0.01",,
ehvA5nisC7GMbgbyy3Z4Et,GPQA diamond,o3-mini-2025-01-31_medium,0.742739898989899,choice:0.74±0.03,https://logs.epoch.ai/inspect-viewer/484131e0/viewer.html?log_file=https%3A%2F%2Flogs.epoch.ai%2Finspect_ai_logs%2FehvA5nisC7GMbgbyy3Z4Et.eval,https://logs.epoch.ai/inspect_ai_logs/ehvA5nisC7GMbgbyy3Z4Et.eval
2RiSB2ii5kf2Q6fDBv2P3E,MATH level 5,o3-mini-2025-01-31_medium,0.9516616314199396,"normalized_string_match:0.78±0.01,sympy_equiv:0.81±0.01,model_graded_equiv:0.95±0",,
bDS2AGEf3AywbVcdDyAKZK,GPQA diamond,Phi-3-medium-128k-instruct ,0.2758838383838384,choice:0.28±0.02,https://logs.epoch.ai/inspect-viewer/484131e0/viewer.html?log_file=https%3A%2F%2Flogs.epoch.ai%2Finspect_ai_logs%2FbDS2AGEf3AywbVcdDyAKZK.eval,https://logs.epoch.ai/inspect_ai_logs/bDS2AGEf3AywbVcdDyAKZK.eval
RAwuPRwJedy7P2KeQhEmr8,GPQA diamond,phi-4,0.5606060606060606,choice:0.56±0.03,https://logs.epoch.ai/inspect-viewer/484131e0/viewer.html?log_file=https%3A%2F%2Flogs.epoch.ai%2Finspect_ai_logs%2FRAwuPRwJedy7P2KeQhEmr8.eval,https://logs.epoch.ai/inspect_ai_logs/RAwuPRwJedy7P2KeQhEmr8.eval
njA86GC9DzSXyiZWtUxXiD,MATH level 5,Phi-3-medium-128k-instruct ,0.1756042296072507,"normalized_string_match:0.07±0,sympy_equiv:0.08±0,model_graded_equiv:0.18±0.01",,
PnvmfAHVxH9oXfcdcUeUZ3,MATH level 5,phi-4,0.6493580060422961,"normalized_string_match:0.04±0,sympy_equiv:0.05±0,model_graded_equiv:0.65±0.01",,
gULKGqAe9nG9syxmYMtkhi,GPQA diamond,gpt-4o-2024-11-20,0.4788510101010101,choice:0.48±0.03,https://logs.epoch.ai/inspect-viewer/484131e0/viewer.html?log_file=https%3A%2F%2Flogs.epoch.ai%2Finspect_ai_logs%2FgULKGqAe9nG9syxmYMtkhi.eval,https://logs.epoch.ai/inspect_ai_logs/gULKGqAe9nG9syxmYMtkhi.eval
D3G2BKGnh6YSvw4bEYSdiY,MATH level 5,gpt-4o-2024-11-20,0.4977341389728096,"normalized_string_match:0.45±0.01,sympy_equiv:0.47±0.01,model_graded_equiv:0.5±0.01",,
fbszwTApm3f28z5VA6oXBK,GPQA diamond,gemini-2.0-flash-001,0.6414141414141414,choice:0.64±0.03,https://logs.epoch.ai/inspect-viewer/484131e0/viewer.html?log_file=https%3A%2F%2Flogs.epoch.ai%2Finspect_ai_logs%2FfbszwTApm3f28z5VA6oXBK.eval,https://logs.epoch.ai/inspect_ai_logs/fbszwTApm3f28z5VA6oXBK.eval
SqwGZz2UfTmbvPiw2rq3LH,MATH level 5,gemini-2.0-flash-001,0.8216578549848943,"normalized_string_match:0.79±0.01,sympy_equiv:0.78±0.01,model_graded_equiv:0.82±0.01",,
g5YE7G6DXb45EH4HxEdiht,GPQA diamond,gemini-2.0-pro-exp-02-05,0.6565656565656566,choice:0.66±0.03,https://logs.epoch.ai/inspect-viewer/484131e0/viewer.html?log_file=https%3A%2F%2Flogs.epoch.ai%2Finspect_ai_logs%2Fg5YE7G6DXb45EH4HxEdiht.eval,https://logs.epoch.ai/inspect_ai_logs/g5YE7G6DXb45EH4HxEdiht.eval
fvDt6HaHV5d3gSEuavixsv,MATH level 5,gemini-2.0-pro-exp-02-05,0.8345921450151057,"normalized_string_match:0.79±0.01,sympy_equiv:0.78±0.01,model_graded_equiv:0.83±0.01",,
ag9w2w4xa47ghZaWt5oZey,GPQA diamond,gemini-2.0-flash-thinking-exp-01-21,0.5707070707070707,choice:0.57±0.04,https://logs.epoch.ai/inspect-viewer/484131e0/viewer.html?log_file=https%3A%2F%2Flogs.epoch.ai%2Finspect_ai_logs%2Fag9w2w4xa47ghZaWt5oZey.eval,https://logs.epoch.ai/inspect_ai_logs/ag9w2w4xa47ghZaWt5oZey.eval
MzsTvCEEfEpzn4WvxYdJkX,GPQA diamond,o3-mini-2025-01-31_high,0.7702020202020202,choice:0.77±0.03,https://logs.epoch.ai/inspect-viewer/484131e0/viewer.html?log_file=https%3A%2F%2Flogs.epoch.ai%2Finspect_ai_logs%2FMzsTvCEEfEpzn4WvxYdJkX.eval,https://logs.epoch.ai/inspect_ai_logs/MzsTvCEEfEpzn4WvxYdJkX.eval
X2gKewiGPZx5DLFEddUUqW,GPQA diamond,o1-mini-2024-09-12_high,0.6237373737373737,choice:0.62±0.03,https://logs.epoch.ai/inspect-viewer/484131e0/viewer.html?log_file=https%3A%2F%2Flogs.epoch.ai%2Finspect_ai_logs%2FX2gKewiGPZx5DLFEddUUqW.eval,https://logs.epoch.ai/inspect_ai_logs/X2gKewiGPZx5DLFEddUUqW.eval
3VDhPT5WvzjJZkRc36Kuvi,MATH level 5,o3-mini-2025-01-31_high,0.9648791540785498,"normalized_string_match:0.8±0.01,sympy_equiv:0.82±0.01,model_graded_equiv:0.96±0",,
4DWnpJowAfeQDHc2xDNy2C,MATH level 5,o1-mini-2024-09-12_high,0.8918051359516617,"normalized_string_match:0.82±0.01,sympy_equiv:0.82±0.01,model_graded_equiv:0.89±0.01",,
NAkCFiFiDSN3NXMj7HMvMS,GPQA diamond,o1-2024-12-17_high,0.7676767676767676,choice:0.77±0.03,https://logs.epoch.ai/inspect-viewer/484131e0/viewer.html?log_file=https%3A%2F%2Flogs.epoch.ai%2Finspect_ai_logs%2FNAkCFiFiDSN3NXMj7HMvMS.eval,https://logs.epoch.ai/inspect_ai_logs/NAkCFiFiDSN3NXMj7HMvMS.eval
jVXtRkTBDnqH8p4sjVUbgN,MATH level 5,o1-2024-12-17_high,0.947129909365559,"normalized_string_match:0.78±0.01,sympy_equiv:0.8±0.01,model_graded_equiv:0.95±0.01",,
